{"cameraMode":{"drawMode":0,"name":"Shaded","section":"Shading Mode"},"sceneLighting":false,"audioPlay":false,"sceneViewState":{"showFog":true,"showMaterialUpdate":false,"showSkybox":false,"showFlares":true,"showImageEffects":true,"showParticleSystems":true},"in2DMode":false,"pivot":{"x":0.0,"y":0.41794466972351076,"z":15.029999732971192},"rotation":{"x":0.04863378778100014,"y":-0.6946273446083069,"z":0.04719536006450653,"w":0.7161705493927002},"size":20.499399185180665,"orthographic":false}