{"cameraMode":{"drawMode":0,"name":"Shaded","section":"Shading Mode"},"sceneLighting":false,"audioPlay":false,"sceneViewState":{"showFog":true,"showMaterialUpdate":false,"showSkybox":false,"showFlares":true,"showImageEffects":true,"showParticleSystems":true},"in2DMode":false,"pivot":{"x":-10.560928344726563,"y":0.8356872797012329,"z":6.79736328125},"rotation":{"x":-0.07854365557432175,"y":-0.6302774548530579,"z":-0.06429432332515717,"w":0.769706130027771},"size":7.506826877593994,"orthographic":false}