{"cameraMode":{"drawMode":0,"name":"Shaded","section":"Shading Mode"},"sceneLighting":false,"audioPlay":false,"sceneViewState":{"showFog":true,"showMaterialUpdate":false,"showSkybox":false,"showFlares":true,"showImageEffects":true,"showParticleSystems":true},"in2DMode":false,"pivot":{"x":8.823898315429688,"y":2.5227949619293215,"z":4.623475074768066},"rotation":{"x":-0.2837862968444824,"y":-0.35068479180336,"z":-0.11238616704940796,"w":0.8853557705879211},"size":12.421381950378418,"orthographic":false}