{"cameraMode":{"drawMode":0,"name":"Shaded","section":"Shading Mode"},"sceneLighting":false,"audioPlay":false,"sceneViewState":{"showFog":true,"showMaterialUpdate":false,"showSkybox":false,"showFlares":true,"showImageEffects":true,"showParticleSystems":true},"in2DMode":false,"pivot":{"x":2.4726219177246095,"y":1.3389229774475098,"z":-1.4740921258926392},"rotation":{"x":-0.006739408243447542,"y":0.9672425389289856,"z":0.025821974501013757,"w":0.2524475157260895},"size":7.706731796264648,"orthographic":false}