{"cameraMode":{"drawMode":0,"name":"Shaded","section":"Shading Mode"},"sceneLighting":true,"audioPlay":false,"sceneViewState":{"showFog":true,"showMaterialUpdate":false,"showSkybox":true,"showFlares":true,"showImageEffects":true,"showParticleSystems":true},"in2DMode":false,"pivot":{"x":-0.6762392520904541,"y":6.826415538787842,"z":-2.6145334243774416},"rotation":{"x":0.13756422698497773,"y":0.0014807477127760649,"z":-0.000205850534257479,"w":0.9904917478561401},"size":24.041011810302736,"orthographic":false}