{"cameraMode":{"drawMode":0,"name":"Shaded","section":"Shading Mode"},"sceneLighting":true,"audioPlay":false,"sceneViewState":{"showFog":true,"showMaterialUpdate":false,"showSkybox":true,"showFlares":true,"showImageEffects":true,"showParticleSystems":true},"in2DMode":false,"pivot":{"x":-1.7869999408721924,"y":2.119999885559082,"z":0.0},"rotation":{"x":-0.3915104568004608,"y":0.07797887921333313,"z":-0.03333902731537819,"w":-0.9162572622299194},"size":15.464966773986817,"orthographic":false}