{"cameraMode":{"drawMode":0,"name":"Shaded","section":"Shading Mode"},"sceneLighting":true,"audioPlay":false,"sceneViewState":{"showFog":true,"showMaterialUpdate":false,"showSkybox":true,"showFlares":true,"showImageEffects":true,"showParticleSystems":true},"in2DMode":false,"pivot":{"x":-7.237818717956543,"y":6.124253273010254,"z":-0.1100500226020813},"rotation":{"x":0.3258828818798065,"y":0.6532754302024841,"z":-0.3708435595035553,"w":0.5740267038345337},"size":7.693071365356445,"orthographic":false}